month;.net;.net-core;akka;akka-stream;amazon-ec2;amazon-s3;amazon-web-services;apache-beam;apache-camel;apache-flink;apache-kafka;apache-kafka-connect;apache-kafka-mirrormaker;apache-kafka-streams;apache-nifi;apache-spark;apache-spark-sql;apache-storm;apache-zookeeper;architecture;avro;aws-lambda;aws-msk;azure;azure-eventhub;bigdata;bitnami;c#;cassandra;cdc;clickhouse;confluent-cloud;confluent-kafka-dotnet;confluent-kafka-python;confluent-platform;confluent-schema-registry;consumer;databricks;debezium;deserialization;docker;docker-compose;elasticsearch;event-sourcing;filebeat;flink-sql;flink-streaming;flume;go;google-cloud-dataflow;google-cloud-platform;hadoop;hdfs;hive;jaas;java;javascript;jdbc;jmx;json;junit;kafka-consumer-api;kafka-producer-api;kafka-python;kafka-rest;kafka-topic;kafkajs;kerberos;kotlin;kraft;ksqldb;kubernetes;kubernetes-helm;librdkafka;linux;log4j;logging;logstash;maven;message-queue;messaging;microservices;mongodb;mongodb-kafka-connector;multithreading;mysql;nestjs;node.js;offset;oracle-database;php;postgresql;producer;producer-consumer;project-reactor;prometheus;protocol-buffers;pyspark;python;python-3.x;quarkus;rabbitmq;reactor-kafka;redis;rest;rocksdb;sarama;sasl;scala;serialization;snowflake-cloud-data-platform;spark-kafka-integration;spark-streaming;spark-streaming-kafka;spark-structured-streaming;spring;spring-boot;spring-cloud;spring-cloud-stream;spring-cloud-stream-binder-kafka;spring-integration;spring-kafka;spring-kafka-test;sql-server;ssl;stream;stream-processing;streaming;strimzi;testcontainers;unit-testing;websocket;windows
2016-12;0;0;0;0;0;0;0;0;0;0;1;0;0;0;0;0;0;0;0;0;0;0;0;0;0;0;0;0;0;0;0;0;0;0;0;0;0;0;0;0;0;0;0;0;0;0;0;0;0;0;0;0;0;0;0;0;0;0;0;0;0;0;1;0;0;0;0;0;0;0;0;0;0;0;0;0;0;0;0;0;0;0;0;0;0;0;0;0;0;0;0;0;0;0;0;0;0;0;0;0;0;0;0;0;0;0;0;0;0;0;0;0;0;0;0;0;0;0;0;0;0;0;0;0;0;0;0;0;0;0;0;0;0
2017-01;0;0;0;2;2;1;2;0;0;2;187;16;1;15;0;21;3;3;13;0;6;0;0;0;0;2;0;0;1;0;0;0;0;0;14;0;2;0;0;1;7;2;7;2;1;0;1;1;0;0;0;3;5;0;0;20;0;0;2;1;0;30;16;3;0;0;0;0;0;0;0;2;0;0;1;2;4;4;0;0;1;0;1;0;1;0;0;1;0;0;0;0;3;1;0;0;1;3;6;0;0;2;0;0;1;1;0;0;14;0;0;0;14;0;0;3;4;0;4;0;2;3;0;0;1;1;1;2;0;0;0;1;0
2017-02;1;0;1;0;0;2;3;0;2;4;184;13;0;10;0;20;1;4;7;1;9;0;0;0;0;3;0;0;2;0;0;0;0;0;4;0;1;0;0;0;7;3;2;1;0;0;2;0;3;0;0;2;1;0;0;24;1;2;0;2;0;37;18;2;0;0;0;2;0;0;0;1;0;0;1;0;1;4;3;4;1;2;0;0;0;1;0;6;1;1;0;0;3;0;0;0;0;1;3;0;0;1;0;0;0;0;3;1;15;0;0;0;25;1;2;7;2;4;7;0;2;10;0;0;2;2;1;3;0;0;0;0;0
2017-03;1;0;1;1;2;1;2;0;1;8;242;13;0;16;0;23;0;4;22;3;3;0;0;0;0;7;0;0;6;0;0;0;0;0;8;0;1;0;0;1;7;2;4;1;1;0;1;2;0;0;0;2;2;0;1;55;2;0;0;0;0;42;27;2;0;0;0;3;0;0;0;0;0;0;1;1;1;7;3;2;0;1;0;0;1;0;0;1;0;0;1;0;1;1;0;0;0;2;9;2;0;1;0;1;1;1;0;1;13;2;0;0;15;0;1;11;6;1;5;0;4;8;0;1;3;2;0;7;0;0;0;0;1
2017-04;1;0;2;1;2;4;2;2;2;7;237;16;0;14;1;27;2;4;8;1;6;1;0;1;0;2;0;1;1;0;0;0;0;0;8;0;1;0;2;1;4;1;2;1;0;0;2;1;0;2;0;3;1;0;0;38;2;0;1;0;1;42;25;6;0;0;0;1;0;0;0;1;0;0;0;0;1;2;2;1;2;2;1;0;1;1;0;4;3;0;0;1;0;2;0;1;0;0;7;1;0;0;0;1;0;0;0;3;17;1;0;0;32;2;3;4;1;1;3;0;2;12;0;1;7;0;0;1;0;0;0;1;0
2017-05;0;0;2;0;2;1;3;0;4;10;272;13;0;17;0;33;3;6;13;0;2;0;0;1;0;1;0;3;3;0;0;0;0;0;16;2;3;0;2;0;15;3;4;3;1;0;6;3;3;0;0;7;4;1;0;35;0;2;1;6;0;40;21;3;0;0;0;1;0;0;0;2;0;0;2;2;1;5;2;1;2;1;0;0;0;0;0;4;2;0;0;0;2;1;0;0;0;2;9;0;0;1;0;0;0;2;1;0;17;1;0;1;26;0;7;10;6;0;5;0;2;12;0;0;2;2;0;4;0;0;0;0;0
2017-06;0;0;3;2;0;2;3;1;2;3;296;22;0;22;3;35;3;3;16;0;9;0;0;0;0;1;0;2;6;0;0;0;0;0;10;1;3;0;0;0;2;0;1;1;2;0;1;3;0;1;0;6;3;0;0;48;2;0;1;3;2;47;23;1;0;0;0;5;0;0;0;1;0;0;2;0;1;1;3;6;3;1;1;0;0;2;0;5;2;1;1;0;3;1;1;0;1;1;11;0;0;1;0;1;0;1;0;0;23;0;0;0;36;2;2;10;6;1;4;0;4;10;0;0;2;5;0;7;0;0;0;2;0
2017-07;0;0;2;2;2;2;0;0;1;5;276;17;0;26;0;34;1;4;9;0;4;0;0;0;0;3;0;5;1;0;0;0;1;0;16;3;1;0;0;0;3;1;4;5;1;0;2;6;0;0;0;5;4;0;0;42;1;0;0;1;0;39;30;7;0;0;0;1;1;0;0;3;0;0;1;1;1;5;3;2;1;3;2;0;2;0;0;4;3;1;0;1;2;1;0;0;0;4;13;1;0;2;0;1;1;0;0;1;19;1;0;0;29;2;4;11;2;1;5;0;6;14;0;0;3;4;0;1;0;0;1;0;0
2017-08;2;0;0;2;1;0;2;0;1;11;302;20;0;25;2;47;4;3;16;1;9;0;0;2;0;3;0;2;3;0;0;0;0;0;10;2;1;0;1;0;7;4;3;0;0;0;10;4;1;0;0;12;6;0;1;54;1;0;2;4;0;48;34;3;0;0;0;1;0;0;0;3;0;0;0;0;0;1;3;2;2;2;2;0;1;1;0;5;3;1;1;0;3;0;0;0;0;6;10;0;0;3;0;0;1;0;0;1;27;1;0;0;33;3;9;8;3;0;3;0;5;13;0;2;4;5;0;5;0;0;0;0;1
2017-09;1;0;3;3;2;0;3;0;1;4;267;23;0;25;0;38;5;3;22;2;6;1;0;0;1;3;0;4;2;0;0;0;0;0;11;1;3;0;0;1;9;4;5;0;0;0;1;1;2;0;1;3;2;0;0;55;0;4;0;1;0;47;24;5;0;0;0;5;0;0;0;2;0;0;1;3;1;1;3;2;0;0;0;0;2;2;0;3;1;2;0;0;0;0;1;1;0;8;8;1;0;2;0;1;0;0;2;0;19;0;0;0;26;0;9;15;9;0;3;0;4;19;0;2;2;0;1;5;0;0;0;0;2
2017-10;0;1;4;4;3;0;1;0;2;2;262;26;0;25;2;21;1;4;10;0;8;0;0;1;0;1;0;1;4;1;0;0;0;0;14;7;1;0;3;0;3;0;6;0;0;0;2;3;4;0;0;6;4;1;1;63;1;1;1;3;0;45;23;4;0;0;0;1;0;0;0;1;0;0;1;0;0;3;1;2;2;0;0;0;4;2;0;5;2;2;2;0;2;2;0;2;0;1;14;1;0;0;0;1;1;0;4;0;17;1;0;0;28;1;1;8;6;1;4;0;2;16;0;0;1;1;0;2;0;0;1;0;0
2017-11;1;2;1;2;1;2;1;1;2;5;271;14;0;24;4;29;2;4;14;2;7;0;0;1;0;4;0;2;2;0;0;0;0;0;16;3;2;1;0;0;9;4;2;0;0;0;0;1;3;1;0;7;1;3;1;53;2;1;1;3;0;27;18;2;0;0;0;1;0;0;4;0;0;0;3;1;1;2;4;1;0;4;2;0;2;0;0;5;0;2;0;0;1;4;0;0;0;1;15;0;0;1;0;1;2;1;2;1;15;0;0;0;22;0;2;14;13;2;3;0;1;21;0;1;1;1;1;3;0;0;0;1;4
2017-12;0;0;0;3;1;2;2;0;2;7;268;10;0;51;2;25;2;3;13;0;7;0;0;1;0;1;1;5;2;0;0;0;0;0;15;2;3;0;0;2;7;2;1;0;0;1;1;1;0;0;2;4;2;0;2;41;0;0;1;5;0;37;18;0;0;0;0;4;0;0;4;2;0;0;1;1;1;1;5;2;1;2;0;0;2;1;0;2;0;2;3;1;0;0;1;0;0;3;6;0;0;2;0;1;1;0;0;2;20;1;0;0;21;1;4;16;10;1;4;0;3;29;0;1;4;4;2;2;0;0;0;1;1
2018-01;1;0;6;6;0;5;2;2;3;7;332;25;0;48;2;28;2;6;16;2;7;0;0;0;0;1;0;5;2;0;2;0;0;0;22;9;3;0;1;1;10;6;1;1;0;0;1;1;1;2;1;8;2;0;0;48;1;8;0;5;0;38;26;1;0;0;0;3;1;0;1;6;0;0;1;2;2;1;0;7;4;6;1;0;3;1;0;3;3;3;0;0;1;1;0;1;1;9;9;0;0;3;0;0;4;1;1;2;19;1;0;0;21;0;5;2;9;1;3;0;0;12;0;0;0;1;3;4;0;0;1;0;4
2018-02;1;0;4;3;1;2;1;2;2;3;286;29;0;28;0;41;1;3;10;0;12;0;0;1;0;1;0;1;1;0;0;0;0;0;17;3;1;0;0;0;13;2;8;4;1;0;3;2;2;1;0;6;4;1;0;45;2;4;2;3;1;42;25;4;0;1;0;4;0;0;2;3;0;0;2;2;0;0;2;2;2;4;1;0;0;2;0;3;2;1;0;1;4;0;0;0;0;6;7;1;0;2;0;3;5;0;1;0;17;1;0;0;24;0;7;9;13;0;1;0;0;19;0;0;1;2;0;1;0;0;2;4;0
2018-03;1;0;0;1;0;0;0;0;0;2;112;7;0;15;1;13;0;1;8;0;5;0;0;1;1;0;0;0;0;0;0;0;0;0;13;1;0;0;0;0;5;1;1;0;2;0;1;1;0;1;0;3;1;0;0;19;0;0;1;0;0;14;5;2;0;0;0;1;0;0;3;1;0;0;1;0;0;1;1;0;0;0;0;0;0;0;0;1;0;0;0;0;0;0;0;0;0;4;2;1;0;0;0;0;1;1;1;1;5;1;0;0;8;1;1;0;2;0;2;0;0;2;0;0;0;0;0;1;0;0;2;1;0
2018-04;2;0;2;1;0;0;0;0;2;0;122;15;0;13;0;15;2;0;2;1;2;0;0;0;0;0;0;5;1;1;1;0;1;0;14;4;0;0;0;0;5;2;2;1;0;0;0;0;1;0;0;2;2;0;0;28;0;2;0;1;0;6;9;0;2;0;0;1;0;0;1;4;0;0;0;0;0;0;2;0;0;1;2;0;2;0;0;3;0;1;0;0;0;0;0;0;0;1;2;1;0;0;0;0;0;0;0;0;17;0;0;0;5;1;3;0;3;1;4;0;0;4;0;0;0;2;0;0;0;0;1;0;0
2018-05;1;0;0;1;0;1;0;0;0;2;108;14;0;15;1;15;2;4;4;0;3;0;0;0;0;0;0;0;1;0;0;0;0;0;9;2;1;0;0;0;4;1;0;1;0;0;1;1;1;0;0;1;2;0;0;19;0;1;1;4;1;15;10;2;0;0;0;0;0;0;1;0;0;0;0;0;0;0;0;2;0;1;0;0;0;1;0;0;0;0;0;0;0;0;0;1;0;1;6;1;0;0;0;0;0;0;1;1;6;0;0;0;10;0;2;3;2;0;0;0;0;4;0;0;1;0;0;0;0;0;0;1;2
2018-06;1;0;1;1;1;1;1;1;1;3;205;12;0;34;0;24;2;3;8;0;8;0;0;0;0;1;0;1;0;0;0;0;0;0;20;7;1;0;0;0;3;1;2;0;0;0;2;0;3;0;0;1;0;1;0;41;1;2;0;1;1;15;7;1;3;0;0;3;1;0;7;3;0;0;0;0;0;0;1;1;0;0;0;0;0;1;0;2;0;0;1;1;1;1;1;0;0;3;5;0;0;3;0;0;1;0;1;0;9;1;0;0;13;1;5;8;13;1;2;0;0;13;0;0;1;3;0;1;0;0;2;0;2
2018-07;0;0;0;3;2;0;2;1;1;6;409;35;0;45;3;40;0;8;22;0;17;1;0;4;3;4;0;5;2;0;2;0;0;0;32;4;1;0;2;1;17;5;2;1;2;0;0;3;1;1;1;9;9;1;0;65;1;3;2;6;1;53;28;6;2;8;0;1;0;0;7;8;1;0;0;3;3;3;2;1;1;1;2;0;1;3;0;5;1;0;0;2;0;1;1;2;1;4;11;2;0;0;0;1;0;1;0;0;29;2;0;0;27;1;10;6;16;0;4;0;1;30;0;1;4;3;2;6;0;0;1;2;1
2018-08;1;1;0;1;0;0;1;0;3;13;449;39;0;51;5;39;9;7;21;2;16;1;0;2;0;2;1;3;0;1;2;0;0;0;48;9;1;0;10;0;16;4;6;2;0;2;4;0;3;1;0;6;9;1;2;93;2;4;2;4;0;47;26;5;2;4;0;1;1;0;11;7;1;0;1;2;2;1;5;1;0;1;0;0;3;4;1;12;2;1;0;3;0;1;0;2;2;7;16;4;0;0;0;1;1;0;1;1;13;1;0;0;16;2;11;17;22;0;9;0;1;29;0;0;3;1;4;5;0;0;2;0;1
2018-09;0;0;2;3;2;3;1;1;0;7;319;34;0;44;5;31;5;8;15;0;11;1;0;0;1;0;0;3;0;1;0;0;0;0;38;12;3;1;6;0;7;2;5;1;0;0;3;2;1;0;0;1;2;0;3;60;1;7;8;5;2;27;25;3;0;3;0;3;0;0;10;4;1;0;0;0;2;2;1;1;0;0;1;0;0;6;0;2;0;2;2;2;1;0;0;1;1;0;8;1;0;3;0;3;1;0;0;4;19;3;0;0;12;0;11;7;12;1;1;0;2;22;0;2;3;0;0;3;1;0;0;1;1
2018-10;1;1;2;3;4;4;4;1;2;6;405;41;0;53;4;44;1;7;16;1;18;1;0;2;1;0;1;4;5;1;0;0;0;0;50;12;3;0;1;0;16;2;11;1;0;0;3;1;5;1;3;4;5;0;0;73;0;5;1;4;0;52;25;2;0;4;0;1;0;0;17;14;3;0;1;0;0;3;2;0;4;0;4;0;1;3;0;4;2;0;0;1;0;3;0;0;0;7;13;4;0;1;0;0;0;0;2;2;22;2;0;0;25;1;7;12;13;1;9;0;0;29;0;2;3;1;4;5;0;0;2;0;0
2018-11;1;0;1;0;2;0;1;3;1;3;266;25;0;38;2;21;2;5;7;0;4;0;0;1;1;1;0;1;2;1;2;0;0;0;20;8;1;0;3;0;12;3;2;2;0;0;0;0;1;1;1;1;1;1;2;47;0;3;0;3;1;33;13;1;1;1;0;1;1;0;12;3;0;0;0;0;1;0;0;2;0;2;0;0;1;4;0;2;1;0;1;1;0;1;1;0;0;5;7;1;0;2;0;0;1;1;0;3;9;0;0;0;6;1;9;13;7;5;14;0;2;19;0;2;4;0;1;1;0;0;0;0;1
2018-12;1;1;1;1;0;0;0;2;1;2;93;7;0;13;1;8;0;0;4;1;1;0;0;1;1;0;0;1;1;0;1;1;0;0;5;2;0;0;1;0;7;3;1;0;0;0;0;0;1;1;2;0;0;1;0;21;0;0;1;1;0;8;5;0;2;2;0;1;0;0;1;2;0;0;0;0;0;1;1;0;0;3;1;0;0;0;0;1;0;0;0;0;1;0;0;0;0;0;2;0;0;0;0;0;0;0;0;0;5;0;0;0;4;1;1;1;7;0;2;0;0;7;0;0;1;0;0;1;0;0;0;0;0
2019-01;3;0;1;1;3;0;9;3;1;17;439;45;0;63;1;38;3;2;17;1;19;1;0;3;1;1;0;2;2;1;2;0;1;0;36;19;0;1;6;0;10;2;5;3;1;1;7;0;3;3;3;4;1;4;2;75;0;13;1;9;0;54;25;4;3;0;0;4;2;0;11;14;6;0;0;1;0;5;1;0;0;6;0;0;1;3;0;7;0;1;0;4;0;2;2;1;0;4;12;1;0;1;0;2;2;1;0;4;22;0;0;0;15;4;13;11;21;1;11;0;0;28;1;1;5;2;0;1;0;0;1;0;5
2019-02;0;0;1;2;0;0;0;4;1;9;390;34;0;54;2;30;4;2;14;1;10;1;1;2;3;0;0;2;3;0;1;0;0;0;20;3;1;1;5;0;7;3;5;3;3;0;2;1;1;2;0;1;4;2;1;77;2;3;5;6;3;60;23;3;1;2;0;6;1;0;9;3;0;1;0;0;0;1;1;0;0;3;5;0;2;2;0;5;2;1;0;1;0;1;1;2;1;3;13;4;0;1;0;1;1;1;0;2;15;1;0;0;16;1;12;13;30;2;14;0;1;36;2;0;2;2;3;0;0;1;0;1;3
2019-03;1;2;3;2;0;2;2;6;3;9;400;44;2;56;2;31;2;4;10;1;13;1;1;0;0;1;0;4;1;1;1;0;0;0;31;12;1;2;5;1;10;1;3;0;0;0;2;0;1;4;2;1;2;1;0;63;2;3;0;3;4;59;27;1;4;2;1;0;1;0;10;5;0;2;0;2;0;2;2;0;0;6;1;0;3;5;0;4;2;0;0;1;3;5;2;3;0;6;12;1;0;4;0;2;2;5;0;0;12;0;0;2;12;4;10;12;26;0;5;0;2;30;1;2;2;2;1;3;0;1;2;0;1
2019-04;0;0;3;2;0;5;6;0;3;4;401;41;0;45;4;27;5;1;12;1;31;0;1;1;0;0;0;4;2;0;1;0;0;0;27;21;1;0;6;3;8;6;5;0;3;0;1;2;2;0;1;1;5;2;0;79;0;6;2;4;3;42;19;8;3;3;0;2;2;0;10;7;0;1;1;0;1;4;0;0;0;1;2;0;2;3;0;5;1;0;1;2;1;0;0;1;1;5;16;7;0;1;0;0;1;2;2;1;23;4;0;0;13;0;11;24;28;4;22;0;1;35;3;3;2;2;2;2;0;1;0;2;2
2019-05;2;1;0;2;2;0;3;2;6;7;425;43;1;69;6;33;2;4;10;3;11;1;2;2;0;2;1;4;2;2;0;0;0;0;30;5;1;1;7;1;9;3;5;1;0;1;2;3;3;1;0;7;8;3;1;72;1;6;5;5;0;41;24;5;4;1;0;3;0;0;5;11;2;1;0;1;2;0;3;4;1;1;3;0;1;4;0;4;2;1;0;2;1;0;0;0;0;9;15;4;2;6;0;0;2;3;0;4;21;5;0;1;16;5;14;8;16;2;9;0;0;28;0;1;6;3;2;1;1;0;0;0;1
2019-06;1;2;4;3;0;2;4;2;5;7;379;34;1;47;2;31;1;3;13;0;13;1;1;2;2;1;0;6;0;1;0;0;0;0;33;10;2;0;11;0;13;2;6;1;0;0;2;1;7;0;1;2;3;2;1;82;2;6;1;5;0;51;26;3;1;6;0;2;0;0;7;5;1;1;0;0;1;3;3;1;2;2;2;0;2;4;0;6;1;0;0;3;1;2;1;3;0;3;11;1;0;0;0;2;1;1;1;2;14;4;0;0;13;1;9;12;19;4;15;1;1;28;1;2;7;1;1;2;0;0;2;0;0
2019-07;2;2;1;1;1;1;3;2;1;4;304;32;0;40;2;20;2;1;18;2;6;0;2;1;3;0;0;3;3;0;0;0;0;0;15;7;2;0;5;1;11;7;2;0;0;0;3;0;4;0;0;1;3;1;2;52;0;5;1;2;0;42;12;1;4;2;0;1;1;0;9;2;0;2;0;1;1;2;1;2;1;3;6;1;1;1;0;5;2;2;0;4;0;0;3;3;1;4;10;1;0;1;0;0;2;2;2;0;16;2;0;0;5;0;9;10;15;1;6;0;1;25;1;2;2;2;0;1;0;0;1;0;3
2019-08;1;2;0;0;1;1;3;2;0;8;285;22;0;25;2;15;4;3;17;2;11;0;3;1;1;2;0;3;0;1;0;0;0;0;19;9;2;0;8;0;12;1;1;1;1;0;4;0;2;0;1;2;1;0;1;61;0;1;1;3;1;41;19;5;0;2;0;2;1;0;14;5;0;1;0;0;1;0;1;0;0;0;6;0;0;4;0;1;1;1;1;4;1;1;2;5;0;5;14;0;0;0;0;1;0;1;0;1;8;1;0;0;3;2;3;10;16;0;9;1;0;26;3;0;6;2;0;2;1;1;1;0;2
2019-09;1;0;0;0;1;0;3;0;2;2;140;12;1;12;0;15;0;0;7;2;6;0;1;0;1;0;0;2;1;0;1;0;0;0;7;2;0;0;2;0;11;4;2;0;0;0;0;0;4;0;1;0;1;0;2;20;0;2;0;2;0;19;15;0;0;1;1;2;0;0;4;3;0;4;0;0;0;0;0;1;0;0;1;0;1;0;0;4;0;1;0;0;0;1;0;2;0;4;5;1;0;1;0;0;0;0;0;0;1;0;0;0;5;2;3;3;8;0;3;0;0;7;0;0;1;1;0;2;0;0;0;0;0
2019-10;0;0;2;4;1;3;3;3;0;12;406;46;0;51;0;22;3;1;13;0;12;0;1;0;0;0;2;2;4;1;0;0;0;1;21;14;0;0;7;1;14;5;4;0;1;3;1;1;1;1;4;1;0;2;3;86;0;8;1;8;1;49;20;3;3;1;2;2;4;0;13;7;4;2;1;1;2;2;2;3;1;3;4;1;1;3;0;5;1;1;2;5;0;1;0;2;1;4;11;1;4;0;0;0;1;2;1;2;31;3;3;0;11;2;8;14;35;2;6;2;2;48;1;1;4;2;3;1;6;1;0;2;1
2019-11;0;0;0;1;1;2;4;1;0;5;272;27;3;32;1;23;3;2;11;0;12;0;1;0;0;0;0;2;2;1;0;0;0;0;23;8;2;0;4;0;11;2;4;2;0;0;1;0;5;0;1;1;3;1;0;36;1;4;2;6;0;26;20;1;3;4;1;1;0;0;3;7;0;4;0;1;1;2;1;0;1;1;1;0;0;5;0;1;1;1;1;2;0;0;1;0;0;6;9;3;2;2;0;0;0;0;2;1;6;2;0;0;4;3;8;8;17;2;8;0;0;23;1;0;6;0;1;0;0;0;1;0;3
2019-12;2;4;1;1;3;2;7;3;0;5;394;54;4;51;4;24;2;2;11;2;14;3;2;2;0;0;0;2;2;1;3;4;0;0;22;19;2;0;10;0;18;2;10;2;0;0;1;2;6;0;0;1;0;0;0;71;2;5;0;4;1;42;20;3;0;0;0;1;2;0;7;7;0;3;0;2;0;2;2;0;0;3;6;4;2;4;1;6;2;2;0;3;1;1;3;3;1;11;17;1;1;1;0;1;1;3;3;1;9;1;2;0;12;0;9;11;22;2;13;4;0;27;0;2;6;1;0;3;0;1;1;0;0
2020-01;0;0;1;1;0;0;0;0;0;1;117;21;1;14;0;6;1;0;2;0;8;0;2;0;0;0;0;0;0;0;0;0;0;0;6;6;0;0;2;1;5;1;2;0;1;0;1;0;2;0;0;0;0;0;1;22;0;2;0;1;1;9;7;3;1;1;0;0;2;0;3;1;0;3;0;0;0;1;0;1;0;0;3;0;0;3;0;2;0;0;1;2;0;0;0;0;1;2;2;1;1;0;0;0;0;0;2;0;4;1;0;0;5;1;2;3;10;1;3;2;0;9;0;0;1;0;0;0;1;0;0;0;1
2020-02;5;2;1;1;0;3;3;0;2;10;452;58;5;49;5;26;5;1;10;1;22;0;4;2;1;0;0;3;1;2;0;1;0;0;37;16;3;0;11;1;19;5;4;1;2;0;2;1;2;0;1;2;6;1;1;82;2;4;0;7;1;45;29;6;0;2;1;4;4;0;12;9;0;2;2;2;1;4;2;0;0;3;3;1;1;4;0;4;1;3;0;3;0;1;2;0;0;7;14;0;1;0;0;0;2;1;0;3;18;2;0;1;7;4;16;12;19;0;14;5;1;33;1;1;6;2;1;0;2;0;1;0;2
2020-03;3;0;1;0;0;2;3;5;1;15;449;49;3;50;6;17;0;0;11;1;17;0;4;0;0;0;0;4;1;1;3;0;0;0;31;13;0;0;10;3;27;8;2;1;0;1;7;0;6;1;1;1;4;0;1;81;0;9;2;4;1;59;31;6;4;6;1;4;1;0;16;3;0;2;0;4;1;2;2;1;1;2;1;2;1;3;1;5;1;5;0;6;1;1;2;0;1;3;15;2;0;2;0;0;2;2;4;3;17;1;1;0;3;3;10;9;33;0;8;2;0;44;5;3;7;2;1;1;1;1;1;2;4
2020-04;3;2;0;1;0;4;1;1;3;10;499;80;4;69;7;41;2;0;11;0;24;1;3;4;4;0;2;13;3;0;0;3;1;0;50;20;3;1;20;0;16;6;13;1;0;2;4;0;4;1;2;3;1;1;1;91;0;7;1;6;1;64;43;5;0;6;0;2;1;0;8;12;2;1;1;0;5;6;2;0;2;3;5;1;3;5;0;3;3;3;0;6;0;1;1;4;2;8;22;1;1;1;3;2;0;1;1;0;18;2;0;0;14;3;21;17;39;4;10;2;0;45;0;8;9;5;1;1;6;0;1;4;0
2020-05;3;3;2;1;0;1;0;1;2;7;201;22;1;22;1;17;3;0;4;1;3;0;1;0;0;0;0;6;0;0;0;0;0;1;15;4;0;0;7;0;7;2;2;0;0;0;4;0;1;0;0;1;2;1;0;43;0;0;0;4;2;26;17;2;1;4;1;0;0;0;8;5;0;1;0;0;0;1;1;0;1;3;2;1;1;1;0;2;0;0;0;2;0;1;0;0;0;4;5;0;2;2;0;1;0;0;1;0;6;1;0;0;7;0;7;6;12;1;5;2;0;20;1;2;1;1;0;1;0;0;1;2;0
2020-06;2;1;0;1;1;1;3;3;5;10;406;45;4;36;5;29;3;1;11;1;11;0;5;5;2;0;0;5;6;3;0;1;0;0;49;8;0;1;7;0;13;5;6;0;2;1;2;0;1;1;1;3;4;1;0;81;0;1;0;7;0;53;29;11;4;1;1;3;1;0;8;4;0;5;0;0;1;3;3;3;0;3;2;2;1;2;1;3;1;1;2;2;0;0;1;0;1;16;27;4;1;1;0;0;1;0;0;0;11;0;2;0;10;1;13;12;16;0;8;2;1;41;3;2;5;2;0;1;0;1;0;0;2
2020-07;0;2;0;0;1;2;4;8;0;10;414;41;3;35;1;28;0;1;17;0;10;0;2;3;2;1;0;6;1;0;1;2;0;1;36;5;2;0;7;0;11;2;1;1;0;0;7;1;2;4;1;4;0;1;2;77;0;3;1;2;2;55;28;4;3;4;1;0;0;0;18;12;0;3;0;0;0;0;3;3;1;2;4;2;4;1;0;3;0;1;1;5;1;1;3;2;1;9;18;2;4;4;1;1;3;0;0;2;13;1;0;1;9;3;11;19;41;3;13;1;0;46;1;1;2;0;2;3;3;0;1;1;1
2020-08;1;3;2;0;0;4;4;1;3;7;351;45;2;46;4;13;1;1;4;0;16;2;2;1;0;0;1;5;0;2;3;1;4;5;29;16;2;0;6;2;10;4;3;0;3;0;4;2;2;0;2;3;1;0;1;64;0;7;3;3;0;40;18;7;1;5;1;0;4;0;8;7;0;2;1;1;1;3;2;2;0;3;3;0;0;0;0;5;1;1;0;4;1;4;2;1;2;3;15;4;1;2;1;1;3;2;0;2;12;2;2;1;1;0;2;15;29;0;6;5;0;32;0;0;4;2;0;1;3;0;0;2;2
2020-09;1;2;0;0;0;2;1;0;6;8;236;20;2;29;1;17;1;0;2;3;7;0;0;1;1;0;0;3;0;1;0;0;2;1;16;6;1;0;3;0;4;2;3;1;0;0;4;0;2;0;1;0;0;0;0;36;0;1;0;1;1;35;19;2;1;6;2;1;0;0;8;6;1;1;0;1;0;1;1;1;1;4;0;0;2;0;1;5;0;1;2;0;2;0;0;1;2;4;8;5;2;2;0;0;1;0;1;1;2;0;1;2;1;3;11;14;22;0;2;0;1;32;0;2;0;1;0;5;0;0;1;0;0
2020-10;4;2;0;0;1;6;5;1;3;3;327;45;2;42;2;21;3;1;8;2;7;2;1;0;0;0;0;4;2;2;0;2;0;2;24;7;1;1;10;1;12;8;3;0;0;0;0;0;5;0;1;0;0;0;0;39;2;4;1;0;0;44;30;4;3;4;1;2;1;0;6;3;0;3;2;0;3;4;2;1;0;2;4;3;2;2;1;2;0;0;0;4;0;2;1;0;4;10;23;4;1;0;0;0;1;1;1;0;4;0;0;0;8;5;10;17;21;0;7;3;0;41;0;1;3;0;0;1;1;2;1;0;1
2020-11;1;1;0;0;0;2;2;1;3;5;228;26;5;22;2;11;1;1;6;4;4;1;1;1;1;0;0;0;1;1;1;3;0;1;17;8;1;0;8;1;14;3;1;1;1;3;2;0;3;0;0;2;0;1;0;44;1;3;1;2;2;23;12;0;0;8;2;1;1;0;6;12;1;2;0;0;0;0;0;1;0;2;4;0;1;2;0;0;0;1;0;0;0;0;0;0;2;5;11;1;2;0;0;0;0;0;1;2;4;0;0;0;0;3;3;11;24;1;7;1;2;28;3;1;3;0;0;1;7;1;0;0;0
2020-12;1;1;1;0;0;2;1;0;8;11;329;48;2;37;2;11;2;3;5;2;12;0;3;2;3;0;0;3;2;0;2;1;3;2;18;15;0;0;11;0;12;10;8;0;4;1;3;2;3;2;1;1;1;0;0;53;1;4;1;3;0;27;17;2;0;5;1;0;1;0;7;6;0;0;3;0;2;3;5;0;0;4;7;5;2;1;0;3;2;1;0;6;0;1;1;1;2;2;15;4;2;1;2;1;1;2;1;0;7;0;0;3;1;0;7;10;30;1;11;3;0;34;1;2;6;0;0;1;1;0;0;0;0
2021-01;2;0;3;4;0;3;7;1;2;10;277;54;1;29;2;10;2;1;7;3;7;1;7;2;0;0;1;4;0;0;1;1;1;1;27;12;0;2;11;0;8;4;2;0;0;1;3;0;0;0;0;0;2;1;0;46;0;5;1;2;0;27;6;2;2;1;1;1;3;0;8;6;1;1;0;2;0;1;1;0;0;2;1;3;0;6;2;1;0;0;0;4;0;1;0;1;2;2;6;1;4;0;1;0;1;2;1;0;13;0;0;1;0;0;7;14;23;0;4;3;3;35;0;1;6;0;0;0;1;1;0;2;3
2021-02;0;0;0;0;0;1;1;1;1;3;100;13;0;10;1;5;0;0;3;0;6;0;0;0;0;0;1;0;0;2;0;0;0;1;11;7;0;0;6;0;5;1;0;0;1;0;1;0;0;1;1;0;0;0;0;21;0;1;1;1;0;10;2;0;0;1;1;0;0;0;3;4;1;0;0;0;0;1;2;0;0;1;0;0;1;5;0;1;0;1;0;1;0;1;0;0;0;0;7;1;1;1;0;0;0;1;0;1;1;0;0;0;1;1;2;4;7;0;3;2;0;10;0;0;6;0;0;0;1;0;0;0;0
2021-03;0;0;0;0;0;0;2;0;0;0;99;8;1;8;0;9;0;0;1;1;5;0;1;1;1;1;0;0;0;0;0;0;0;1;7;6;0;1;6;0;6;2;5;1;0;0;0;0;0;0;0;0;0;0;0;26;0;0;1;2;1;9;3;1;0;1;0;2;0;0;4;2;0;0;0;1;0;0;1;0;0;2;0;0;1;2;0;0;0;0;0;1;0;0;1;0;1;0;2;0;1;1;1;0;0;0;0;1;7;1;0;3;2;0;5;0;6;0;3;2;0;11;1;1;2;0;0;0;3;0;0;0;0
2021-04;1;3;0;1;0;1;5;1;1;10;199;22;0;19;0;2;0;0;4;0;3;0;2;2;1;0;0;1;1;1;0;0;0;6;17;4;1;0;5;0;6;2;3;1;1;0;5;0;1;0;1;0;0;0;0;38;1;4;0;2;0;22;8;3;2;3;0;1;1;0;2;5;0;0;1;1;2;0;0;0;0;4;0;0;0;2;0;1;0;1;0;1;0;2;1;0;0;1;10;0;0;2;3;0;0;0;1;2;1;0;0;0;2;0;1;15;23;0;6;2;0;20;0;1;2;1;0;1;2;1;0;0;0
2021-05;0;1;0;0;0;1;2;0;1;1;100;17;1;17;0;6;0;0;6;1;3;2;3;0;0;0;0;3;0;0;0;1;1;0;9;3;0;0;0;0;4;1;1;0;0;0;0;0;1;0;1;0;0;0;0;16;1;2;0;0;0;10;0;2;0;2;0;1;0;0;2;1;2;1;0;0;1;0;0;0;0;1;2;1;1;2;0;1;0;2;0;2;0;0;0;0;0;2;6;1;0;0;0;1;1;0;0;1;3;0;0;0;0;0;3;7;7;3;7;1;1;11;0;0;1;0;0;0;1;0;0;0;0
2021-06;1;0;0;0;2;0;2;2;4;6;276;46;1;20;2;14;2;2;2;1;8;0;3;2;1;0;2;2;0;1;1;5;0;2;26;10;4;0;9;1;16;4;2;1;0;0;2;1;4;0;1;1;0;0;2;44;1;11;0;5;0;23;5;5;1;0;2;1;4;0;9;5;0;6;6;1;2;0;0;2;0;3;3;2;0;2;0;4;0;0;3;3;2;0;1;0;0;4;15;2;2;3;0;1;0;0;1;1;9;1;2;5;2;0;8;12;30;1;10;5;0;33;0;3;0;0;1;2;1;0;0;0;0
2021-07;2;1;0;0;0;2;3;0;2;8;299;38;0;43;3;14;3;0;4;1;10;1;5;0;2;0;4;4;1;0;0;2;3;2;17;11;0;1;13;2;11;3;3;0;0;1;5;3;3;0;0;2;2;0;2;56;2;1;0;8;1;29;13;6;0;3;1;3;4;0;9;3;3;3;0;2;1;0;1;0;1;2;2;1;2;3;1;3;1;1;0;4;0;2;2;1;2;5;11;2;1;2;4;0;1;1;1;0;11;1;0;4;4;0;6;13;24;2;8;3;1;34;2;0;6;2;0;2;3;0;0;0;1
2021-08;2;1;0;0;1;3;5;0;2;15;299;47;1;23;0;14;2;1;6;1;10;0;4;2;5;0;0;5;3;0;0;5;1;2;21;17;2;0;9;2;14;8;6;0;1;3;9;1;3;0;0;0;1;0;0;57;1;3;0;5;1;29;5;2;2;0;2;0;3;0;10;5;1;1;0;3;3;2;0;1;0;3;3;1;1;2;1;6;1;2;0;1;0;0;1;0;0;5;10;1;2;5;1;2;1;0;1;1;8;2;0;3;1;0;7;17;25;1;10;6;0;41;1;1;2;0;0;1;2;1;0;0;0
2021-09;1;4;1;2;2;0;2;3;0;9;248;26;2;20;0;8;0;1;3;1;13;2;3;3;1;0;1;4;1;1;1;0;7;2;15;8;1;0;6;0;11;6;0;0;0;0;4;0;5;3;2;0;0;0;0;51;1;1;1;2;1;26;5;3;2;0;1;1;4;0;4;2;0;3;2;1;0;0;0;3;0;2;0;1;0;1;4;5;1;0;0;2;1;0;4;1;0;4;11;1;5;1;2;0;1;1;1;0;6;4;1;1;2;0;3;7;23;0;12;11;0;27;1;1;3;0;0;0;3;0;1;1;2
2021-10;0;1;0;1;0;2;3;1;2;7;308;40;0;24;1;11;1;1;3;0;5;1;8;4;3;0;1;1;0;0;2;2;1;4;25;12;0;0;9;0;15;6;4;0;1;3;3;0;4;0;1;0;0;0;0;56;2;2;0;6;0;27;4;8;2;5;3;0;2;0;4;9;2;2;0;2;3;1;0;0;0;3;2;1;1;6;1;1;0;1;1;3;1;1;2;0;2;4;22;2;2;1;0;1;0;0;1;0;6;1;1;0;7;0;6;14;24;2;7;3;0;40;3;1;3;0;0;2;3;0;0;0;0
2021-11;4;0;1;1;1;1;1;2;0;7;321;36;6;35;0;16;0;0;6;1;14;0;4;1;1;0;1;2;0;0;1;2;2;4;19;12;0;2;9;1;14;8;3;0;0;1;3;0;4;1;2;0;0;0;1;57;0;3;0;5;1;30;4;5;2;1;0;1;1;0;7;4;1;2;1;0;2;2;1;2;0;1;4;3;3;1;2;3;0;2;0;0;2;1;4;0;0;8;14;3;4;1;5;1;0;3;1;3;4;3;4;1;2;1;8;18;25;2;10;5;1;46;1;3;6;1;0;2;3;0;1;0;2
2021-12;1;0;0;0;0;1;2;0;2;9;287;35;0;26;3;16;1;0;6;0;8;0;8;2;0;0;0;3;0;0;0;0;4;3;17;13;0;1;12;1;18;11;3;0;2;0;4;0;4;1;3;0;0;0;0;49;2;3;0;4;1;24;6;1;0;2;2;2;2;0;7;5;3;2;0;2;0;0;0;0;0;1;2;0;0;2;3;6;0;1;0;3;0;1;0;1;2;4;14;0;0;0;1;0;1;0;0;1;4;0;2;1;4;0;9;12;28;0;11;5;0;33;1;0;5;2;0;0;4;1;1;0;4
2022-01;4;1;2;1;2;3;5;3;2;12;335;54;5;31;1;17;3;1;6;3;8;1;7;3;4;0;2;7;0;0;0;1;9;4;13;15;0;2;14;0;18;9;1;1;0;1;5;0;3;0;0;0;0;1;2;61;0;5;0;5;0;31;8;2;1;4;0;3;2;0;9;9;1;3;3;3;1;2;1;1;1;1;3;3;0;2;0;2;1;1;0;8;0;1;1;2;3;11;15;0;1;2;1;1;3;0;1;1;7;0;1;0;1;0;10;13;28;0;17;6;0;39;0;2;4;1;0;1;2;0;0;1;1
2022-02;2;1;0;0;0;1;2;1;1;9;316;31;2;33;2;18;2;0;6;1;13;1;1;1;1;0;0;6;4;4;2;2;4;8;8;14;4;2;12;0;10;3;1;1;0;1;2;1;3;0;3;0;0;0;1;63;1;3;2;5;0;24;9;6;1;4;1;1;1;0;11;12;0;0;2;1;1;0;0;4;0;6;1;0;0;3;3;5;1;0;2;9;1;2;0;1;1;6;28;0;1;2;0;0;1;0;0;2;7;2;0;0;0;0;14;8;17;3;7;5;1;27;1;2;8;0;1;1;3;1;0;2;0
2022-03;3;0;1;1;1;1;1;4;1;7;316;46;6;25;1;14;0;0;4;2;6;1;5;2;2;1;0;2;0;4;2;0;2;2;15;3;4;1;17;0;14;8;3;0;2;0;3;0;5;0;1;0;0;0;2;48;1;4;0;3;0;32;11;5;1;1;3;0;0;0;10;11;0;2;1;2;0;1;0;0;0;5;6;1;1;1;1;4;1;1;5;5;3;1;0;0;0;6;31;0;5;1;0;0;2;2;0;2;8;0;0;0;2;1;7;8;16;0;4;2;1;33;0;1;3;0;1;2;6;0;2;3;4
2022-04;3;2;1;2;1;3;3;4;2;11;319;44;4;28;1;11;2;0;11;2;12;1;5;2;2;0;1;8;0;2;0;3;4;2;12;16;1;0;9;0;18;11;1;1;0;1;6;0;6;2;2;0;1;1;1;58;1;5;0;1;1;26;6;1;1;0;3;2;0;0;8;10;1;3;0;2;0;0;0;1;0;6;3;2;1;4;3;5;0;1;4;3;1;4;0;2;2;4;20;1;2;1;0;0;1;2;0;3;6;2;2;2;4;0;3;10;27;0;7;2;3;39;0;0;3;1;0;0;6;1;1;0;2
2022-05;4;1;1;0;0;2;3;1;1;15;289;42;6;23;2;17;2;1;2;1;9;1;7;3;3;0;2;4;1;2;0;3;3;8;16;9;1;0;8;1;18;8;6;2;0;0;3;0;3;1;4;0;0;0;0;59;1;2;1;2;1;26;5;5;2;2;2;0;3;0;6;7;1;2;0;1;0;1;3;3;1;2;6;5;3;2;2;3;0;2;2;5;0;0;0;0;1;5;18;0;3;2;1;0;2;1;2;1;11;1;4;0;8;4;8;7;22;2;6;1;2;32;0;0;4;1;1;1;1;5;0;0;0
2022-06;1;0;0;0;0;4;6;4;2;13;346;54;3;23;1;20;0;3;3;2;10;3;10;1;3;0;1;3;2;2;0;6;4;5;2;21;1;1;15;1;20;4;1;0;1;1;5;1;3;2;3;0;1;0;0;77;2;4;1;1;1;38;14;5;2;4;3;1;1;0;10;9;0;1;1;0;0;0;3;1;0;3;10;3;0;5;1;4;0;0;0;2;0;0;0;3;2;3;21;1;0;1;0;1;0;0;1;2;14;1;1;3;3;0;8;18;23;1;9;3;1;43;0;4;9;0;2;0;5;0;1;1;0
2022-07;3;0;0;0;0;3;2;4;0;2;368;47;3;33;1;18;0;0;4;1;11;1;5;1;1;0;2;4;3;0;3;5;3;4;3;13;0;3;10;0;20;7;1;1;0;1;2;0;6;1;1;0;1;0;0;61;6;5;2;10;1;37;6;7;1;2;10;0;1;0;17;11;2;4;2;2;0;1;1;1;1;0;6;2;2;3;2;9;2;3;1;2;1;2;1;2;3;13;27;0;3;0;1;1;0;0;0;3;9;1;1;1;2;1;13;7;30;2;3;3;0;40;2;2;4;0;0;1;2;1;4;0;0
2022-08;3;0;1;1;0;6;8;0;3;10;306;35;2;32;0;13;1;0;4;1;8;5;7;1;2;0;2;2;0;0;1;3;2;7;2;15;0;2;11;0;18;6;1;2;1;1;3;1;4;0;1;1;0;1;2;59;1;3;1;6;4;34;2;2;2;0;5;1;5;0;7;7;0;1;1;0;0;0;1;0;0;3;3;2;0;4;4;6;0;0;0;4;0;0;0;1;3;12;20;0;3;0;1;1;1;1;0;1;5;1;0;0;4;1;9;6;30;1;7;2;0;40;2;3;4;0;0;1;4;0;0;0;1
2022-09;1;0;2;0;0;4;6;1;1;8;302;43;3;28;0;12;1;0;5;1;6;1;10;3;2;0;2;6;0;1;1;1;3;3;5;10;1;1;7;2;19;10;4;0;0;1;3;0;7;1;0;0;0;0;0;45;6;1;0;4;0;26;10;5;1;2;8;0;1;1;10;9;0;3;1;0;1;3;0;3;1;5;5;4;1;1;6;12;0;0;2;5;0;0;2;0;3;4;18;0;1;1;5;2;1;1;2;0;5;0;1;1;4;0;8;7;19;2;10;7;0;31;1;1;0;1;0;0;6;3;0;0;1
2022-10;2;0;0;0;0;1;6;3;3;6;291;33;2;33;1;7;0;0;4;2;6;2;9;2;1;0;2;1;2;5;0;1;1;2;2;7;1;1;21;2;14;1;1;0;0;0;4;0;2;1;4;0;0;1;0;63;2;3;2;3;1;31;4;2;0;1;4;0;3;5;7;9;2;1;0;0;0;2;0;0;0;2;5;0;2;4;1;4;0;2;0;6;0;3;0;1;1;4;15;1;2;1;1;0;1;1;1;1;1;1;0;4;1;0;3;10;19;1;5;2;0;35;0;1;2;0;1;2;3;1;2;0;0
2022-11;3;2;0;1;0;3;5;1;1;9;320;44;4;29;1;19;3;0;6;1;12;2;8;2;3;0;3;3;1;0;0;2;3;10;2;11;0;5;10;0;13;11;4;0;0;1;5;0;5;0;2;1;1;1;0;55;5;4;1;4;1;24;9;3;0;2;6;0;3;4;8;7;2;3;0;0;0;0;1;0;2;4;3;2;0;2;2;7;2;0;1;6;0;0;0;0;1;12;18;0;1;0;2;1;0;1;2;2;11;0;2;1;3;0;10;12;24;1;7;8;0;38;0;0;10;0;0;2;4;0;0;0;0
2022-12;2;0;1;0;0;3;3;1;2;8;294;35;3;25;1;13;1;0;4;0;8;2;7;1;0;0;1;2;3;0;0;4;2;3;4;16;1;1;5;0;15;4;2;0;0;0;4;0;7;0;3;1;1;2;1;63;1;5;2;1;0;30;7;5;0;2;6;0;5;4;8;10;2;1;1;1;0;0;1;0;0;2;1;0;0;1;0;3;0;0;0;2;1;0;1;3;0;5;19;1;4;1;2;0;0;0;2;3;4;0;0;0;1;0;6;5;14;0;4;10;2;33;1;1;3;0;0;0;3;0;2;1;0
2023-01;1;0;0;0;0;3;5;2;4;9;300;35;5;36;1;11;1;0;6;1;12;1;8;3;4;0;0;2;1;3;1;2;3;4;1;15;0;5;9;1;15;6;0;0;1;0;3;0;5;2;3;0;0;2;2;59;1;7;1;9;1;29;9;6;1;0;3;1;2;2;10;12;1;1;1;0;0;0;0;1;0;2;3;1;0;5;1;4;0;0;1;3;0;3;1;3;0;6;17;0;4;1;3;0;0;2;1;1;3;2;2;0;2;0;9;5;14;0;4;6;0;40;1;0;1;1;2;2;2;0;0;0;0
2023-02;2;2;0;0;0;3;2;1;3;7;282;41;3;26;1;8;2;1;3;1;5;0;8;2;2;0;2;8;0;1;1;1;3;4;2;9;0;1;13;0;9;7;1;1;0;0;1;0;3;0;0;0;0;0;0;52;3;6;2;3;0;25;12;2;1;1;4;0;2;1;10;11;0;2;0;0;1;0;3;0;1;4;1;0;1;1;2;5;0;4;0;5;0;0;0;1;0;3;13;1;2;0;3;1;1;1;0;0;2;2;1;2;2;0;5;10;25;1;6;8;0;27;0;1;1;0;0;0;4;2;1;0;0
2023-03;0;0;0;0;1;1;5;0;2;8;257;31;4;23;1;12;1;0;5;1;8;1;6;1;2;0;1;1;0;0;0;2;1;8;1;6;2;1;7;2;17;8;3;0;1;0;1;0;3;1;0;2;1;1;2;51;1;4;0;3;1;28;7;3;0;3;6;1;3;4;6;12;0;0;0;1;1;0;1;0;0;3;3;1;1;1;1;3;1;0;0;4;1;0;1;0;1;7;21;0;3;1;2;3;2;0;2;2;5;0;0;1;1;1;6;7;16;0;4;0;0;34;0;0;1;0;0;3;6;1;2;0;1
2023-04;1;0;0;0;0;1;1;0;2;5;225;25;2;12;1;5;1;0;8;1;7;2;3;4;3;0;1;1;0;2;0;1;1;2;0;13;0;0;6;2;20;7;2;0;0;0;2;0;2;0;0;0;0;1;1;46;2;3;1;2;1;22;4;3;0;0;4;1;1;2;6;10;0;0;1;3;0;0;1;0;0;0;6;6;1;0;4;2;0;0;0;2;0;2;2;3;1;0;13;0;3;2;1;0;0;0;0;0;6;1;1;2;0;1;2;5;17;0;8;6;0;29;1;1;3;0;1;0;7;2;3;0;0
2023-05;0;1;0;0;0;0;5;1;0;4;236;20;4;11;2;10;0;0;6;3;10;0;3;1;0;0;2;1;0;1;0;2;2;4;1;11;3;1;8;0;15;4;0;2;0;2;2;0;5;0;2;0;0;0;4;43;0;0;0;2;0;37;8;3;0;2;7;0;0;3;4;8;1;5;0;1;2;0;2;0;0;3;3;2;0;1;1;5;0;1;0;1;1;0;2;1;0;7;20;0;2;0;1;1;2;0;1;2;2;0;0;1;0;1;5;7;18;2;8;6;1;24;2;1;2;0;0;0;4;1;0;1;0
2023-06;2;2;0;0;1;0;5;1;0;9;242;22;2;15;1;15;2;0;3;1;7;0;8;3;2;1;1;5;2;0;0;2;3;2;1;10;0;0;9;1;9;6;0;1;0;2;1;1;5;1;2;0;2;1;1;38;1;4;0;5;1;22;7;4;0;1;2;2;3;4;5;6;1;3;0;1;1;1;0;0;0;2;2;1;0;4;1;5;0;4;0;2;1;0;1;0;1;5;14;0;1;0;1;1;0;1;1;2;3;1;0;0;1;0;10;8;17;0;3;5;3;34;1;0;3;2;0;0;2;0;1;4;1
2023-07;2;1;0;0;0;0;4;0;2;5;251;30;2;22;2;10;3;1;4;3;8;0;7;2;1;0;0;4;0;0;1;2;1;6;2;15;1;2;8;1;15;3;0;0;1;1;2;0;6;0;2;0;0;1;0;41;1;1;1;3;0;25;7;2;1;2;3;0;1;1;6;7;0;1;1;0;1;1;1;1;1;1;3;2;1;0;1;9;1;1;1;4;0;1;0;1;2;3;20;1;1;2;0;0;1;2;1;0;5;1;1;1;1;0;10;5;19;0;5;5;1;28;1;1;3;0;0;1;3;0;1;1;0
2023-08;3;2;1;0;0;2;5;2;3;4;238;24;2;16;2;7;0;0;3;3;14;1;9;0;3;0;0;3;1;2;1;0;2;5;0;14;1;1;8;2;5;3;3;0;0;0;1;0;7;2;0;0;0;0;1;28;0;1;1;2;1;25;7;2;0;0;7;1;1;2;2;4;1;5;0;1;1;1;1;1;0;2;1;1;0;0;3;3;0;3;1;1;0;1;1;1;1;5;21;0;2;1;1;3;1;1;3;4;3;0;1;1;2;1;2;3;16;1;3;2;2;25;1;0;2;1;0;0;2;0;1;0;1
2023-09;4;0;1;1;0;0;4;0;1;8;192;13;3;13;0;8;1;1;1;1;9;1;7;1;0;0;1;3;0;0;1;2;1;3;1;7;3;0;2;2;20;5;1;0;1;0;3;0;4;1;2;0;0;2;0;41;1;1;1;2;1;17;4;3;1;1;3;0;2;6;6;3;1;1;1;0;0;0;2;0;0;3;0;0;0;0;2;3;0;1;1;1;0;1;3;1;4;1;13;0;5;1;1;1;0;1;2;0;2;1;1;0;1;0;6;5;18;0;3;3;0;30;0;0;4;0;0;0;3;3;0;0;0
2023-10;4;1;0;0;1;1;3;1;1;8;161;28;3;8;0;6;1;0;1;0;9;0;3;1;2;0;1;5;1;1;2;1;1;4;1;10;2;0;8;0;10;0;1;0;0;2;2;0;6;0;0;0;0;0;0;25;1;2;0;2;0;16;3;3;0;1;2;0;0;1;3;2;0;1;0;0;0;1;1;0;0;2;2;1;0;1;2;4;0;0;0;0;0;0;0;0;0;3;12;1;3;0;0;0;0;0;1;2;1;0;0;1;0;0;3;3;13;0;1;3;1;24;0;0;0;0;0;2;0;4;1;0;0
2023-11;2;0;0;0;0;1;5;1;4;6;183;17;1;14;0;7;1;0;7;0;6;2;8;0;0;0;0;4;0;0;4;0;2;2;3;10;0;0;6;0;5;6;1;1;1;2;0;0;1;0;1;0;0;0;0;26;0;2;2;4;0;10;7;3;0;1;6;0;6;0;4;3;0;2;2;2;0;2;2;0;0;1;0;0;1;0;1;3;0;1;1;4;0;1;1;3;2;4;11;0;4;0;2;0;0;0;1;1;4;0;2;0;3;0;4;9;10;0;3;3;0;22;1;0;2;0;0;0;4;0;0;0;1
2023-12;1;0;1;0;0;0;4;1;0;5;128;9;1;10;1;9;0;0;4;0;2;1;3;1;2;0;0;3;0;1;1;0;0;2;0;4;0;0;6;0;5;1;2;0;0;2;2;0;3;1;2;0;0;0;0;19;0;0;0;1;0;7;1;0;0;0;1;0;0;2;2;3;1;1;2;0;0;2;0;0;0;1;2;1;1;0;0;0;0;1;0;1;0;1;0;1;1;6;10;0;1;3;1;0;0;1;0;2;4;2;0;0;3;1;6;3;11;1;3;3;0;15;0;0;0;1;0;0;2;1;0;0;1
2024-01;1;0;1;0;0;1;2;1;1;8;109;5;0;11;0;2;0;0;2;0;4;2;0;1;1;0;2;2;0;0;0;2;0;2;7;4;1;1;6;0;5;5;1;0;0;2;5;0;2;1;0;0;0;0;0;17;0;1;0;0;0;8;1;2;0;0;1;0;0;1;1;2;0;0;0;0;0;1;0;0;1;0;0;0;1;0;0;1;0;0;0;5;0;0;0;0;0;2;4;0;2;0;0;0;0;1;0;0;2;0;0;0;0;0;1;4;10;0;4;1;0;16;0;1;0;0;0;1;2;1;0;0;0
2024-02;1;0;0;0;1;0;2;1;0;6;153;9;0;7;1;2;0;0;1;1;1;0;6;3;0;0;1;1;0;0;1;1;1;5;2;5;1;0;5;1;16;4;0;0;0;1;4;0;1;0;0;0;0;0;0;27;1;2;0;1;0;13;3;0;1;0;5;0;0;1;1;4;1;0;2;0;1;0;1;0;1;3;3;3;0;0;0;3;0;0;0;1;0;2;2;0;1;1;6;0;2;2;1;0;1;0;0;1;2;0;0;0;0;0;1;6;17;0;2;2;1;21;1;0;0;1;0;1;1;1;0;0;0
2024-03;3;0;0;1;1;0;1;1;0;7;125;11;2;10;0;5;0;0;1;1;3;0;2;2;1;0;0;4;0;1;1;1;3;1;4;2;0;0;4;1;9;9;2;0;0;2;1;0;6;1;0;0;0;0;0;16;0;1;0;0;1;10;1;0;0;2;1;0;0;1;1;3;0;1;0;0;1;0;0;0;0;1;0;0;0;1;0;1;0;1;0;1;0;0;3;0;1;3;3;0;5;1;1;1;2;0;3;0;1;0;1;0;1;0;4;2;14;0;4;1;0;10;0;0;1;0;0;0;3;0;0;0;0
2024-04;1;1;0;0;1;1;2;1;0;5;119;10;1;2;0;4;0;0;0;1;2;1;2;0;1;0;0;1;0;2;1;0;1;4;5;6;1;0;6;0;7;2;1;0;0;0;0;0;2;1;0;0;0;0;1;20;2;3;0;0;0;9;1;1;0;1;4;1;0;0;3;1;0;0;0;0;0;0;0;1;1;1;0;0;0;0;2;4;0;3;0;1;0;1;2;0;0;4;8;2;1;0;3;1;0;0;0;2;1;2;2;1;0;1;2;10;15;1;3;1;1;18;0;1;1;0;1;0;2;0;0;1;0
2024-05;0;1;0;0;2;1;3;2;0;5;118;12;1;3;0;5;2;0;3;0;6;0;4;2;2;0;0;3;1;2;3;1;1;1;3;6;0;0;6;1;9;4;0;0;1;0;0;0;4;0;0;1;0;1;0;18;1;0;0;2;0;10;0;0;0;1;2;0;1;4;3;3;1;0;0;0;0;0;1;0;0;0;0;0;0;1;0;1;1;0;0;2;0;0;0;1;0;4;3;0;3;0;0;1;0;0;1;1;2;2;1;0;0;0;2;5;12;0;4;3;0;18;2;1;1;0;0;0;1;1;0;0;1
2024-06;0;0;0;0;0;1;1;0;1;3;74;9;1;7;0;4;0;0;1;3;0;0;1;0;0;0;0;0;1;0;0;0;0;0;1;3;1;1;4;1;7;2;0;0;1;0;2;0;2;0;0;0;0;0;0;10;0;0;0;0;0;2;2;0;0;0;2;0;0;0;1;3;0;0;0;0;0;0;0;1;0;3;1;0;0;0;1;1;0;1;0;0;0;0;0;1;0;3;7;0;2;0;0;0;1;0;0;2;1;0;0;0;0;0;2;6;11;0;0;0;1;11;0;0;2;0;0;0;1;4;1;0;0
2024-07;2;2;0;0;0;0;0;0;1;5;94;8;2;5;0;2;0;0;1;2;2;0;5;1;3;0;0;2;0;0;1;0;4;4;1;4;0;0;3;0;3;4;1;0;1;1;4;0;2;0;0;0;0;0;0;15;0;0;0;1;0;7;4;2;0;1;0;0;0;4;2;2;0;1;0;0;0;2;0;0;0;2;0;0;0;0;1;0;0;0;1;0;0;0;0;0;0;1;6;0;2;0;0;0;0;1;0;0;0;1;1;0;0;0;0;4;6;0;1;0;0;12;0;0;1;0;0;1;2;0;0;0;0
2024-08;2;0;0;0;0;2;3;1;2;2;93;9;1;5;0;2;0;0;6;0;5;1;2;1;2;0;0;2;0;0;0;2;0;1;1;4;0;1;4;0;7;1;0;0;0;0;0;0;2;1;0;0;0;0;0;17;0;0;2;1;1;5;0;0;0;0;2;0;0;0;0;1;1;3;0;0;0;0;0;1;0;0;0;0;0;0;1;1;1;1;0;1;0;0;0;0;0;2;8;0;2;0;0;1;0;0;0;2;0;0;0;0;0;0;0;3;8;2;0;1;1;13;0;0;4;0;0;0;1;0;0;0;1
2024-09;0;0;0;0;0;0;1;0;0;3;105;15;0;6;2;2;0;0;0;1;0;0;2;1;1;0;1;3;0;1;0;0;1;2;1;5;1;0;6;2;10;5;1;0;0;0;1;0;1;0;0;0;0;0;0;21;0;1;0;3;1;7;1;1;0;0;0;0;0;3;3;4;0;0;0;1;0;0;1;0;1;2;1;1;1;0;0;1;0;2;1;1;0;0;0;0;1;1;8;0;0;0;0;1;0;0;1;0;2;0;1;0;1;0;0;1;5;0;2;2;1;11;0;0;3;0;1;0;4;1;0;0;3
2024-10;0;0;0;0;0;1;2;0;0;3;92;9;1;5;0;5;1;0;2;1;0;1;4;2;2;0;0;3;0;0;0;0;2;1;3;2;0;1;2;0;6;7;0;1;0;3;2;0;4;0;1;0;0;0;1;17;2;4;0;1;2;1;0;2;1;0;1;0;1;5;2;0;0;1;1;1;0;0;0;0;0;1;3;0;0;0;2;1;0;0;1;2;0;0;1;0;0;4;5;0;1;0;1;0;0;0;1;1;0;0;0;0;2;0;2;1;10;0;2;3;0;10;0;2;1;0;0;0;1;0;1;0;0
2024-11;3;0;0;0;0;1;2;0;2;1;106;22;4;7;0;2;0;0;0;0;1;0;3;0;0;0;0;1;0;1;0;0;3;2;1;5;0;0;9;0;9;4;0;0;0;0;0;0;0;1;0;0;0;0;2;20;0;6;0;1;0;8;2;0;0;0;1;0;0;3;1;6;0;0;0;0;1;0;0;0;0;0;2;0;0;2;0;1;0;1;0;2;0;0;0;0;0;1;8;0;0;0;2;0;0;0;0;2;1;0;2;0;0;0;0;1;6;0;0;0;0;11;0;0;0;0;0;0;3;1;0;0;0
2024-12;4;0;0;0;0;0;2;0;0;4;89;13;2;4;0;4;0;0;3;1;4;0;1;1;0;0;0;8;0;0;0;0;1;1;6;6;3;0;3;0;9;8;0;0;0;1;1;0;0;0;1;0;0;0;0;8;0;1;0;0;0;8;1;1;1;0;1;0;0;1;1;2;0;0;0;0;0;1;1;1;1;1;2;0;1;0;1;1;1;0;0;1;0;0;0;1;1;2;4;0;0;1;0;0;0;0;0;2;0;0;0;0;0;0;1;2;5;0;1;0;0;4;0;2;1;0;0;2;3;2;0;1;0
2025-01;2;0;0;0;0;0;1;0;1;4;84;9;0;10;1;2;0;0;1;0;3;0;4;0;0;0;0;2;0;3;0;0;0;1;7;3;0;1;5;0;3;2;0;0;0;0;1;0;2;1;1;0;0;0;0;12;1;0;0;0;0;3;3;0;0;2;0;1;0;2;0;1;0;0;2;0;0;0;0;0;0;1;0;0;0;0;1;3;0;0;0;4;0;0;0;0;0;1;3;0;2;0;0;0;0;0;0;0;0;0;1;0;1;0;1;3;7;0;1;1;0;8;0;0;0;0;0;1;1;1;0;1;0
2025-02;0;1;0;0;1;0;1;0;0;4;77;7;1;3;1;1;0;0;2;0;6;0;1;1;0;0;0;4;0;0;1;1;1;1;1;1;0;1;2;0;2;3;0;0;0;0;1;0;1;0;0;0;0;0;1;13;0;0;0;0;0;8;2;0;0;1;0;0;0;1;0;3;0;0;0;0;0;1;1;0;0;1;2;1;1;0;0;2;0;0;0;0;1;1;0;0;0;0;3;0;2;0;0;2;0;0;0;2;1;1;0;0;0;0;0;1;6;0;0;0;0;8;0;0;3;0;0;0;3;0;0;2;1
2025-03;1;0;0;0;0;0;1;0;0;4;71;2;0;1;3;1;0;0;0;0;3;0;1;2;0;0;0;2;0;0;0;1;2;0;1;0;1;0;3;1;5;1;0;0;0;0;3;0;1;0;0;1;0;0;0;11;0;1;0;0;0;4;2;0;0;2;0;0;0;3;1;1;0;0;0;0;0;0;0;0;0;1;0;0;0;0;0;1;1;0;0;0;0;0;0;0;1;2;6;0;1;0;0;0;0;0;0;0;0;0;0;0;1;0;0;3;13;0;2;1;0;16;2;0;2;2;1;1;0;1;0;0;0
2025-04;0;0;0;0;0;1;1;0;0;1;64;8;1;4;0;4;1;0;1;4;1;0;1;2;0;0;1;0;0;0;0;2;0;1;0;2;0;0;0;0;5;2;0;0;0;1;2;0;2;0;0;0;0;0;0;10;1;0;0;1;0;3;0;1;0;1;0;0;0;3;0;3;0;2;0;0;0;0;0;0;0;1;3;1;0;0;0;1;0;0;1;1;0;0;0;0;0;0;1;0;1;0;0;1;0;0;0;0;1;0;1;0;0;0;3;4;5;0;0;0;0;5;0;0;0;0;1;0;3;0;0;1;1
2025-05;2;0;0;0;1;0;0;0;1;2;46;6;0;2;0;0;0;0;0;0;2;0;1;0;0;0;0;2;0;0;0;0;1;0;1;0;0;0;2;0;1;0;0;0;0;1;0;0;0;0;0;0;0;0;0;11;1;1;0;0;0;1;1;0;0;0;1;0;0;1;0;6;1;1;0;0;1;1;0;0;0;0;0;0;0;0;0;0;0;0;1;2;0;0;0;0;0;0;1;0;1;0;0;0;1;0;0;0;0;1;0;0;0;0;0;1;2;0;1;1;0;7;0;0;0;0;0;0;2;0;0;0;0
2025-06;2;0;0;0;0;1;1;0;1;2;46;8;0;3;0;2;0;0;0;0;2;1;3;0;0;0;0;2;0;2;1;0;0;0;2;0;0;0;4;0;1;0;1;0;0;0;2;0;1;0;0;0;0;0;0;9;0;1;0;0;0;0;0;1;0;0;0;0;1;1;0;2;0;1;0;0;0;0;0;0;0;0;2;0;0;0;0;0;0;0;0;0;0;0;1;0;0;0;5;0;0;0;1;0;0;0;0;0;0;0;0;0;0;0;0;1;2;0;0;1;0;5;1;0;0;0;0;0;1;0;0;0;1
2025-07;0;0;0;0;0;1;0;0;0;1;36;4;3;2;0;1;0;0;0;0;0;0;1;0;0;0;0;0;1;0;0;0;0;0;0;1;0;0;1;0;0;0;1;0;0;0;0;0;0;0;0;0;0;0;0;6;0;0;0;1;0;1;1;0;0;0;0;0;0;0;0;2;0;0;0;0;0;1;0;0;0;0;0;0;0;0;0;0;1;0;0;0;0;0;0;0;0;0;0;0;1;0;0;1;0;0;0;0;1;0;1;0;0;0;0;0;3;0;0;0;0;2;0;0;2;0;0;0;1;0;1;0;0
2025-08;2;0;0;0;0;0;1;0;0;3;23;4;1;0;0;0;0;0;0;0;1;0;1;1;1;0;0;2;1;0;1;0;0;0;1;1;0;0;2;0;0;0;0;0;0;0;0;0;0;0;0;0;1;0;0;7;0;0;0;0;0;1;0;0;0;0;2;0;0;0;0;0;0;0;0;0;0;0;0;1;0;0;0;0;0;0;0;1;0;1;0;0;1;0;0;0;0;0;0;0;0;0;0;0;0;0;0;0;0;0;0;0;0;0;0;3;6;0;0;0;0;3;0;0;0;0;2;0;0;0;0;0;0
